post_shortcode,post_date,commenter_username,comment_text,comment_likes
DFKccJJPeW_,2025-01-23 09:32:35,tiara_180319,Pemasangan baru tidak ada kelanjutan setelah survey.katanya bisa komplain cs lewat wa.sedangkan di wa gak ada tanggapan….,0
DFKccJJPeW_,2025-01-23 09:32:35,dshellysss,Sama naik semua ini juga komplen..biasanya cuma 90an sekrang 230an..duh semua serba membayar to …jadi g percaya sama pemerintah begini:crying_face:,0
DFKccJJPeW_,2025-01-23 09:32:35,shicya_cute,Min kalau puteran PDAM dol itu sya ngadu kesiapa ya,0
DFKccJJPeW_,2025-01-23 09:32:35,iirmawulan,Denda PDAM telat ngalah2in pinjol 50k jadi 150k :face_with_tears_of_joy::face_with_tears_of_joy: parahhh,1
DFKccJJPeW_,2025-01-23 09:32:35,aini_al_aydrus,Air ya klo pagi dan jam 3 sore kenapa selalu mati,1
DFKccJJPeW_,2025-01-23 09:32:35,firdaulyh,"gimana si, udah menghubungi layanan pengaduan sudah hampir seminggu tidak ada tindak lanjut!",0
DFKccJJPeW_,2025-01-23 09:32:35,esuhar1,"Air PDAM daerah Jemurwonosari pagi sdh mati sore juga kalau pun keluar kecil , juga kotor tolong d cek",0
DFKccJJPeW_,2025-01-23 09:32:35,yohanwahyudi581,:thumbs_up:,1
DFKccJJPeW_,2025-01-23 09:32:35,novandi_dwi,Pak tolong tenggumung wetan gang garuda mati udah 3 hari ini... Tolong di tindak lanjuti ..,0
DFKccJJPeW_,2025-01-23 09:32:35,sismianah,PDAM tidak keluar air setro baru Utara 9,0
DFKccJJPeW_,2025-01-23 09:32:35,niarizkyy,Td ada petugas pdam ke rmh namun tdk menggunakan seragam resmin pdam katanya mau peremajaan meteran apa betul? Untuk kelurahan dukuh menanggal,0
DFKccJJPeW_,2025-01-23 09:32:35,annisanmy,Pdam naik melulu ya?,0
DFKccJJPeW_,2025-01-23 09:32:35,essazulfikarsalas,"Halo Kak selamat malam, maaf mengganggu waktunya, saya ingin menyampaikan keluhan terkait aliran air PDAM di wilayah tempat tinggal saya di daerah keputih makam Blk. E1. Sudah cukup lama air hanya mengalir pada malam hari, sekitar pukul 23.00 ke atas, sedangkan dari pagi hingga sore hari sama sekali tidak ada aliran air. Hal ini tentu sangat menyulitkan aktivitas rumah tangga kami. Selain itu, tekanan air yang masuk ke rumah sangat kecil. Bahkan jika saya lupa menutup valve pipa, air di tandon bisa tersedot habis, diduga karena sistem distribusi air di lingkungan kami menggunakan skema seri, bukan paralel. Ini menyebabkan aliran air tidak stabil dan tidak tersedia selama 24 jam.",1
DFKccJJPeW_,2025-01-23 09:32:35,rereawandaerto,"Hari ini, barusan jam 14.45 WIB air mati di daerah Kebraon. Tolong petugas cek ke lapangan @pdamsuryasembada",0
DFKccJJPeW_,2025-01-23 09:32:35,sismianah,Tolong dicek @pdamsuryasembada  setro baru Utara air terlalu kecil sehingga tandon tidak mengisi tolong di tindak lanjuti terimakasih setro baru Utara 9,0
DFKccJJPeW_,2025-01-23 09:32:35,dianto0996,Maaf ni mau tanya kalau air pdam daerah surabaya wiyung kotor sminggu lebih. Tolong di cek kondisi tandon atau stok air. Trimakasih,1
DFKccJJPeW_,2025-01-23 09:32:35,muarizkis,"Halo, saya pakai cuma 4m3 setiap bulan, kenapa tagihan selalu 10m3 ya kak?",0
DFKccJJPeW_,2025-01-23 09:32:35,shaquenaelshanum8,@pdamsuryasembada_ kenapa air d Kalijudan mati hari ini sampai sekarang blm klwr,0
DFKccJJPeW_,2025-01-23 09:32:35,jefrisusilo,Laporan ke PDAM tambah dikasih nomer pencatat meter...ditelp gaknisanwoi. Piye Iki tagihan ku gak sesuai meteran ....fast respon dong,0
DFKccJJPeW_,2025-01-23 09:32:35,mr_yoel_setiawan,"Petugas yg dtg ada bbrpa, jd bingung",0
DFKccJJPeW_,2025-01-23 09:32:35,reza_somad,Biasanya petugas pdam sdh ijin rt dan petugas keamanan,0
DFKccJJPeW_,2025-01-23 09:32:35,endahhtopa,"Kenapa ya PDAM saya itu dulunya tarifnya gol 1.3 tiba-tiba berubah jadi 2.1 padahal tetangga saya semuanya tarif gol nya 1.3 ada yg seperti saya tapi itu punya kos sedangkan saya saja rumah pribadi dan GK menyalurkan air ke tetangga rumah saya juga GK besar malahan ada lho dipintunya tulisan ""keluarga miskin"" yg dari pemerintah gara-gara hal itu tarif PDAM saya menjadi banyak setiap bulannya padahal saya sampai ngirit pakai air nya",1
DFKccJJPeW_,2025-01-23 09:32:35,achmad_syarifudin91,Air pdam makin hari makin kotor sekali.... Apa nggak d treatment? Masak perusahaan daerah air minum jangankan air nya di minum.... Mau mandi aja nggak layak.... Sudah dpasang filter 1 micron pun nggak ada hasil:crying_face:,0
DFKccJJPeW_,2025-01-23 09:32:35,akmalfrd,"Sakben maghrib banyune buko makane g mancur??
Opo sanyomu rusak gak kuat nyemprot sampek kapas gading madya?",0
DFKccJJPeW_,2025-01-23 09:32:35,harry_loe,"ngajuin surat keberatan tagihan dari bulan januari sampe sekarang gak ada tanggapan. tagihan naik gara2 meter pdam yg rusak, malah pelanggan yang harus bayar kelebihan tagihannya. sekelas perusahaan daerah koq gak profesional gini",0
DFKccJJPeW_,2025-01-23 09:32:35,minimey743,2 bulan tagihan air kenapa melonjak ya,0
DFKccJJPeW_,2025-01-23 09:32:35,uki257_m,Dari pagi tadi air nggak keluar.. parah parah,0
DFKccJJPeW_,2025-01-23 09:32:35,faizahindryna,"PDAM GA WARAS, TAGIHAN SETELAH HARI RAYA SELALU TIBA2 NAIK DRASTIS PETUGAS SALAH NYATAT HARUSNYA 14 MALAH DITULIS 114!! GILAK TAGIHANKU JADI 500RB BULAN INI GILA JGN NGAWUR LAH ORG DI RMH ISINYA CMN 2 ORG GAADA KEBOCORAN SAMA SEKALI, GAADA KOLAM RENANG AIR CMN DI PAKE BUAT MANDI SAKA CUCI BAJU KOK BISA TAGIHAN BULAN MEI KMRN 500RB GILS",1
DFKccJJPeW_,2025-01-23 09:32:35,ainunnadifah22,Tagihan yg sangat tidak masuk akal. Jika kelas tarif dipindah ya harus info dong ga langsung di naikkan harga. PDAM dr harga 60rb bulan ini masuk 190rb. Usaha kecil diperkampung untung pun hanya sedikit,0
DFKccJJPeW_,2025-01-23 09:32:35,hermawan_soekadi,"Yo sido tak ajak ngopi lak ketemu q,, bah orie bah gak_mbulet sikat ae langsung,, prei wong ruwet.!!!",0
DFKccJJPeW_,2025-01-23 09:32:35,dhevygilang,PDAM februari melonjak sekali ya admin.. biasany normal 500rbuan... Ini di cek hampir 700 ribuan.. mohon di bantu infonya.,0
DFKccJJPeW_,2025-01-23 09:32:35,than.tawan_,@resitadirgakusuma :crying_face:,0
DFKccJJPeW_,2025-01-23 09:32:35,leonidas_alexander_the_strong,Aliran air di mojo segera ditindak lanjuti dari pada saya datangi kantornya :fire::fire::fire:,0
DFKccJJPeW_,2025-01-23 09:32:35,sismianah,"Air PDAM wilayah Utara Surabaya setro baru Utara sulit mengalir kecil ,,tolong di TL",0
DFKccJJPeW_,2025-01-23 09:32:35,sismianah,Mohon ditindak lanjuti @pdamsuryasembada,0
DFKccJJPeW_,2025-01-23 09:32:35,diahpalupi1,Cra hubungi gmna ya biar ada kejelasan.. sya sudah byar biaya penggantian stop kran. Ktanya nunggu 1-7hari tp smpai hari ke 7 blm ada petugas dtang.. tlong  pencerahan nya min:folded_hands:,0
DFKccJJPeW_,2025-01-23 09:32:35,mc_rinov,"gmn pemberitahuan resminya kalo memang peraturan kost 6 kamar dikenakan tarif 3.2A ? 
apa akal²an petugas aja, dikira kalo punya kost penghasilan banyak gitu?trs diganti dari 2.1 ke 3.2A ?ini cuma 6 kamar, bukan 10 atau 20 kamar,",0
DFKccJJPeW_,2025-01-23 09:32:35,achmad_vetty_fino,"Biaya Retribusi itu untuk apa ya,,,,",0
DGPt1Dkvz64,2025-02-19 07:12:08,esuhar1,Ini apa ada perbaikan ta .ko' air klr di rmh sya kecil kdng gak.nyal.dr setelah bayar .,0
DGPt1Dkvz64,2025-02-19 07:12:08,fairuzyqonitah,"Saya sudah mengajukan penggantian meteran, karena meteran rumah yg saya tinggali macet/rusak, sejak tanggal 23 Januari 2025 dan sampai sekarang belum ada tindak lanjut. Dengan no pengaduan PM2025000000825. LALU TAGIHAN SAYA BULAN JANUARI METERAN AKHIR 136 TAPI DI TAGIHAN BULAN FEBRUARI METERAN AWAL 116 DAN METERAN AKHIR 136. PADAHAL SAYA SUDAH LAPOR METERAN SAYA MACET/RUSAK, TAPI MALAH CATATAN METERAN YG DIUBAH-UBAH",3
DGPt1Dkvz64,2025-02-19 07:12:08,fairuzyqonitah,"Halo kak, saya sudah pernah komplain disini, saya sudah melaporkan meteran rusak per tanggal 23 Januari 2025, petugas lapangan datang 2X untuk mengecek meteran. TAPI SAMPAI SEKARANG BELUM ADA PENGGANTIAN?????",0
DGPt1Dkvz64,2025-02-19 07:12:08,mc_rinov,"pak mau tanya
no pelanggan 1032499
an Ny. Mustiani Wikanti 
Pulo Wonokromo Wetan 4
knp gol. tarifny berubah yg awalnya 2.1 skrg berubah jadi 3.2A
ini sebenarnya udah lama berubah, tapi saya baru diberitahu orang tua saya,. 
knp seenaknya merubah, ini memberatkan loh, 
alasan dirubah dulu krn petugas keliling meteran bilang krn rumah dibuat kost, 
alasan apa itu, 
saya harap kembalikan ke gol tarif 2.1
terima kasih",0
DGPt1Dkvz64,2025-02-19 07:12:08,rchumaira,"Info min sy juga sudah Pengaduan Pelanggan loh via Apk kok belum ada respon? Sy sempat DM dulu pernah juga tidak ada respon dialihkan ke Call Center TLP/WA, klo WA tidak ada layanan chat dg CS langsung?",0
DGPt1Dkvz64,2025-02-19 07:12:08,ismulawatikusumaning,Alhamdulillah sore ini ( tgl 1742025) rumah saya di daerah Rungkut Menanggal Harapan sdh di ganti meterannya dan Sdh menerima bukti penggantian meteran. Terima kasih,0
DGPt1Dkvz64,2025-02-19 07:12:08,fitrinuriis,Kelurahan bulak tidak ada ya?,0
DGPt1Dkvz64,2025-02-19 07:12:08,maulidya.93,Kelurahan benowo kapan kak???,0
DGPt1Dkvz64,2025-02-19 07:12:08,vichadinar,"Kak saya warga Dukuh Kupang, PDAM yg mengalir kecil sekali, padahal dulu ga seperti ini, semenjak pengerjaan gorong2 yg di depan kampus WK itu malah makin parah air mengalir nya, Tp tagihan tetep banyak",0
DGPt1Dkvz64,2025-02-19 07:12:08,the_aquarians,"Saya sudah di kunjungi 3x oleh petugas pdam selama 3 tahun terakhir, yg katanya ""Meteran Bakal di Ganti yg Baru "" bahkan petugas ketiga yg datang saya titipkan pesan ""bukan hoax"" kan, karena terakhir petugas yg datang ternyata cuma omon omon saja. Jd saya sdh gk perduli, mau di ganti silahkan gak di ganti jg gpp. Toh selama ini meteran air sy lancar2 saja, walau agak berembun dan angkanya sulit terbaca. Toh selama ini tiap bulan bayar aor murah2 saja :folded_hands:",1
DGPt1Dkvz64,2025-02-19 07:12:08,callmejoe69,"Meter baru merk ONDA sering terjadi pengembunan sehingga agak sulit dibaca. Meter lama yg bahan dan kualitas lebih baik, mangapa harus diganti?",0
DGPt1Dkvz64,2025-02-19 07:12:08,dinolandri,Daerah kutorejo pacet kok berbusa airnya dan berwarna seperti susu,0
DGPt1Dkvz64,2025-02-19 07:12:08,yudhocah0,"@pdamsuryasembada meteran saya sudah diganti, tapi air malah macet, apakah karena saya belum bayar? saya belum bayar karena ada LONJAKAN TAGIHAN TIDAK WAJAR  Saat meteran rusak , masak bisa sampai 2x tagihan rata-rata per Bulan, mohon segera ditindak lanjuti, jangan main blokir terlebih dahulu ya..",0
DGPt1Dkvz64,2025-02-19 07:12:08,yudhocah0,"@pdamsuryasembada ini omong kosong ya sepertinya, ditempat saya mulai jam 6 pagi sampai jam 19 air tidak normal, bahkan bisa tidak keluar sama sekali, saat meteran rusak, diambil rata2 penggunaan penghuni rumah, sangat tidak fair, kecuali kalau air pdam memang normal keluar terus",1
DGPt1Dkvz64,2025-02-19 07:12:08,_iniditaputrii,Min mau pengaduan gimana gak ada respon @pdamsuryasembada tagihan bln ini kok tbtb membengkak pdhal bertahun tahun gk pernah air sampai habis ratusan ribu,0
DGPt1Dkvz64,2025-02-19 07:12:08,selviesutanto,"Sore,air di daerah Pandegiling keruh berwarna coklat kak mulai kemaren 24 feb",0
DGPt1Dkvz64,2025-02-19 07:12:08,anisulianifarhan,Apakah pengantian meteran pdam masih gratis atau berbayar ?,0
DGPt1Dkvz64,2025-02-19 07:12:08,dido_bolang,Info min....air disekitaran Kebraon kok siang ini tdk mengalir ya??apakah ada perbaikan,0
DGPt1Dkvz64,2025-02-19 07:12:08,dapoer.mbok.ndewor,Pak maaf memang untuk daerah dukuh kupang timur apa aliran nya kecil nggeh,0
DGPt1Dkvz64,2025-02-19 07:12:08,anisulianifarhan,Ok...terima kasih,0
DGPt1Dkvz64,2025-02-19 07:12:08,hafidz.sm,Sambikerep tdk ada?,0
DGPt1Dkvz64,2025-02-19 07:12:08,nana5607nana,"Meteran air di rumah saya kok g ada ya,,",0
DGPt1Dkvz64,2025-02-19 07:12:08,hermawan_soekadi,"Wil dinoyo kel keputran air kok keluarny kecil ya,, ad apa ni",0
DGPt1Dkvz64,2025-02-19 07:12:08,rereawandaerto,"Hari ini, barusan jam 14.45 WIB air mati di daerah Kebraon. Tolong petugas cek ke lapangan @pdamsuryasembada",0
DGPt1Dkvz64,2025-02-19 07:12:08,ceceovy,Min knp ya kok air rumah saya tiba” pembayaran naek ya drastis bgt padahal rumah klo sering kluarin air cuma malem karena ngisi ke rumah atas biasanya saya kena nya 90k an gak sampe 100k ini semalem bayar kenanya hampir 150k ? Ada kenaikan harga apa gimana ? Klo emg ada knp gak ada info yaaa,0
DGPt1Dkvz64,2025-02-19 07:12:08,fitrialvian,Sya mengajukan hanya disurvei smpai sekarang tdk ada tindakan. Bagaimana?,0
DGPt1Dkvz64,2025-02-19 07:12:08,agnetautin,"Pak air dirmh  saya kluarnya sangat kecil  sekali, lebih deras uang yg mengalir dri dompet saya, tolong  di tinjau pak kenapa airnya sangat kecil  sekali . Kebetulan saya tinggal di wonokromo @pdamsuryasembada",0
DGPt1Dkvz64,2025-02-19 07:12:08,indah_marita,Area siwalankerto apa bs pengajuan peremajaan meteran  @pdamsuryasembada ?,0
DGPt1Dkvz64,2025-02-19 07:12:08,isheoo,Air petemon 3 mati,0
DGPt1Dkvz64,2025-02-19 07:12:08,hy.prabowo,Kebraon matek banyune woiii,0
DGPt1Dkvz64,2025-02-19 07:12:08,akmalfrd,"Sakben maghrib banyune buko makane g mancur??
Opo sanyomu rusak gak kuat nyemprot sampek kapas gading madya?",0
DGPt1Dkvz64,2025-02-19 07:12:08,fanni_virnanda,"Sore ... Mohon info untuk air dirumah saya keluar nya kecil sekali, dan kadang mati , biasanya keluar air di malam hari saja, tapi ini dr pagi sampe ke pagi lagi gak keluar airnya .?",0
DGPt1Dkvz64,2025-02-19 07:12:08,watyomahkue,"Min didaerah kelurahan Pradah kalikendal airnya mati, keluar air hanya malam saja dan airnya pelan. Tolong segera ditindak lanjuti",0
DGPt1Dkvz64,2025-02-19 07:12:08,kikis18,Sudah 2 bulan semenjak METERAN DIGANTI BARU kenapa tagihan air dirumah saya jadi naik 6x lipat!! Parah banget sih!,0
DGPt1Dkvz64,2025-02-19 07:12:08,kokoendutofficial,Area bulak cumpat air e butek min. Tolong di cek dan diperbaiki kualitas airnya,0
DGPt1Dkvz64,2025-02-19 07:12:08,nesya.rz,"Hallo min, apa ada gangguan aliran air daerah wonocolo?",0
DGPt1Dkvz64,2025-02-19 07:12:08,leonidas_alexander_the_strong,"Aliran air daerah mojo tidak lancar, segera ditindaklanjuti daripada kantornya didatangi :fire::fire::fire:",0
DGPt1Dkvz64,2025-02-19 07:12:08,xtin_indra,"Siang min, saya baru aja  d ganti meteran airnya lah tpi kok malah sambungan ada yg bocor dan d kenai biaya 250rb, tetga saya juga bocor dan byar 250 rbu, inid perum pondok maritim balas klumprik",0
DGPt1Dkvz64,2025-02-19 07:12:08,harry_loe,"Saya mengajukan surat keberatan tagihan dari bulan januari 2025, krn meter PDAM rusak. Sampai sekarang tidak ada tanggapan. meter pdam yg rusak, masa pelanggan yang harus bayar tagihannya?padahal air yang digunakan tidak sebanyak tagihannya.",0
DGPt1Dkvz64,2025-02-19 07:12:08,asma_subiantoro,Diganti meteran baru tagihan malah lbh banyak :person_facepalming:,0
DGPt1Dkvz64,2025-02-19 07:12:08,aini_al_aydrus,Air mati seharian hidup malam ajja padahal kota besar air mati terus pembayaran naik 100%,0
DGPt1Dkvz64,2025-02-19 07:12:08,arimirnasariarbaa,Kalau cara pengajuannya pilih apa ya saya,0
DGPt1Dkvz64,2025-02-19 07:12:08,zach.ariasbrooke,@pdamsuryasembada kelurahan perak barat ga ada yah min?,0
DGPt1Dkvz64,2025-02-19 07:12:08,evadhia,"@pdamsuryasembada saya sdh kirim surat komplen ke Manajer kaliam sesuai arahan Spv Pak Agus. Katanya 3 hari kerja dihubjngi balik utk feedbacknya. Sampe skrg ga dihubungi tapi di lapangan org PDAM cabut meteran saya. Sy tlp ke Call Center PDAM Sby juga son call terus. Jarus komplen kemana lagi sih? Jauh nih lokasinya, sy juga kerja, masak iya harus bolak/ik  kesana manual follow up surat sy",0
DGPt1Dkvz64,2025-02-19 07:12:08,jannatinadinda,"Selamat pagi, mhon info wilayah Medokan ayu apa ada perbaikan ngge?kok airnya mati",0
DGPt1Dkvz64,2025-02-19 07:12:08,ruliarsaarif,Rungkut kenapa gak ada Min ?,2
DGPt1Dkvz64,2025-02-19 07:12:08,stevenowensweanxen,"Min, aliran air di daerah kejawan mati total, kemarin dan hari ini masih berlanjut, kira-kira apakah dampak dari peremajaan besar-besaran kah? Padahal kejawan tidak ada di list.",0
DGPt1Dkvz64,2025-02-19 07:12:08,bayuhadileksana,Pelayanan mantap,0
DGPt1Dkvz64,2025-02-19 07:12:08,tri3soe,Mantab pdam,0
DGPt1Dkvz64,2025-02-19 07:12:08,hengkipengki99,"kenapa airnya dalam 3hari ini kok keruh,hampir kyk air beras",0
DGPt1Dkvz64,2025-02-19 07:12:08,hari_goen,"Mohon info, Kalau Kran meter bocor kalau TIDAK diputar/dibuka penuh apa ini termasuk perbaikan",0
DGPt1Dkvz64,2025-02-19 07:12:08,lie_sian1964,"Daerah kecamatan Bulak min.. airnya kok keruh + banger.. ga iso gae masak + Korah"" min.. :person_facepalming:",0
DGPt1Dkvz64,2025-02-19 07:12:08,angeli_yuanita,Air di kedungdoro keruh sekali sejak kemarin malam,0
DGPt1Dkvz64,2025-02-19 07:12:08,zumrotus.sholicha,Di rmh saya sdh 2 bulan ini tagihannya 100rb lbh pdhl penghuninya cima 2 org sehari kerja semua.....kran mati tp meteran muternya kencang banget :see-no-evil_monkey:,0
DGPt1Dkvz64,2025-02-19 07:12:08,bhumi_zahra,"Min, ini stop kran yg dirmh sdh aus Krn usia, sdh diatas 5 th,  apakah juga termasuk bisa diganti??",0
DGPt1Dkvz64,2025-02-19 07:12:08,h.aristyawan,Apa ada perbaikan ini? Daerah candi lempung koq tidak ngalir :crying_face:,0
DGPt1Dkvz64,2025-02-19 07:12:08,jj_jualginjal,Air di Wonokromo kotor butek sedari kemarin sore,4
DGPt1Dkvz64,2025-02-19 07:12:08,miethachun,"Daerah tegalsari air PDAM ga layak pakai seperti air sungai sudah 2hr ini,sekarang mati",0
DGPt1Dkvz64,2025-02-19 07:12:08,anastifanus,"Mohon ijin menginfokan. Mulai tadi pagi air pdam di daerah Krukah Lama, Kel. Ngagel Rejo, keruh pekat. Mohon bisa segera ditindaklanjuti. Terimakasih.",1
DGPt1Dkvz64,2025-02-19 07:12:08,telly2407,Air knp keruhhhh sekaliii.... :crying_face:,1
DGPt1Dkvz64,2025-02-19 07:12:08,mr_yoel_setiawan,"Untuk penggantian Meter diminta bayar vja Indomart, stlah bayar via Indomart katae H+1 ;br msk, stlah H+1 msk br di Jadwalkan kunjungan....LUAMA, Air sudah bocor deras yg nanggu pemilik rumah. Knp lama skali prosesnya?",0
DGPt1Dkvz64,2025-02-19 07:12:08,fsyah___,Min manyar sabrangan air nya kotor,1
DGPt1Dkvz64,2025-02-19 07:12:08,hnfada354,Assalamualaikum min mau tanya jambangan dan Bibis apakah airnya mati,0
DGPt1Dkvz64,2025-02-19 07:12:08,scoliosis_surabaya,:clapping_hands:,0
DGPt1Dkvz64,2025-02-19 07:12:08,arytristianto,"Stop kran pdam saya rusak usia sudah 5 tahun lebih, meteran pdam muter terus tanpa dipakai rugi saya. Saya wa pdam sby untuk perbaikan stop kran saya di kenakan biaya Rp 197.580,- Apa iya bayar? :clapping_hands:",0
DGPt1Dkvz64,2025-02-19 07:12:08,vidyantiflodita2019,Ketintang airnya mati,0
DGPt1Dkvz64,2025-02-19 07:12:08,leamusicentertainmentsurabaya,itu kelurahan Wonorejo Rungkut kah min?,0
DGPt1Dkvz64,2025-02-19 07:12:08,amaliaamalia207,benowo kpan min,0
DGPt1Dkvz64,2025-02-19 07:12:08,dodo.arbi,"Sejak perbaikan pipa bocor di made, sampai sekrang kok air kadang ngalir kecil kadang ga kluar. Ini gimana min apa masih ada kendala?",0
DGPt1Dkvz64,2025-02-19 07:12:08,cellasetyadi,Kalo wonocolo tdk gratis kah?,0
DGPt1Dkvz64,2025-02-19 07:12:08,_priiiie,Wilayah tanjung perak apakah sedang ada perbaikan?,0
DGPt1Dkvz64,2025-02-19 07:12:08,yunita.indrawr,Putat jaya kok gak ikut ya?,0
DGPt1Dkvz64,2025-02-19 07:12:08,aryadiahshianti,"halo @pdamsuryasembada  sy ada wa tp slow respon ya, nomor call centernya jg, operatornya sibuk terus, air ditempat saya mati dari semalam, apa ada solusi untuk pengaduan saya",0
DGPt1Dkvz64,2025-02-19 07:12:08,the_arif,kalau kran meteran bocor apakah termasuk ?,0
DGPt1Dkvz64,2025-02-19 07:12:08,fony_oei,"Air nya agak keruh, mgkin next ada peremajaan saluran air dr pdam kaj ?",0
DGPt1Dkvz64,2025-02-19 07:12:08,riccaandri,Min @pdamsuryasembada  sy sdh WA menu apa yg di pilih?,0
DGPt1Dkvz64,2025-02-19 07:12:08,samudrajayaperkasa,Kelurahan Sambikerep min??? Wes 30 THN meteraku blum diremajakan...,0
DGPt1Dkvz64,2025-02-19 07:12:08,hidayatuzzy,D tunggu area sby selatan y gaes,0
DGPt1Dkvz64,2025-02-19 07:12:08,betty_1771,Kalau kelurahan baratajaya tidak ada kah?,0
DGPt1Dkvz64,2025-02-19 07:12:08,viviadeliana,Pradah Kalikendal ngga masuk area peremajaan min?,0
DGPt1Dkvz64,2025-02-19 07:12:08,ayususanti22594g,Dukuh pakis kok gak ada min?,0
DGPt1Dkvz64,2025-02-19 07:12:08,mariia_ulfaa91,Kelurahan morokrembangan kok tidak ada,0
DGPt1Dkvz64,2025-02-19 07:12:08,ulinnuhazulfa01,kok Sidotopo tidak ada min??,0
DGPt1Dkvz64,2025-02-19 07:12:08,prasetiyo.pratama.5,"Info donk air ditempat saya mati dari kemaren,,area sememi bandarejo gg candi",0
DGPt1Dkvz64,2025-02-19 07:12:08,mayangsegoroh,Utk wilayah Pandaan belakang masjid chengho ada ga peremajaan juga utk meteran Air,0
DGPt1Dkvz64,2025-02-19 07:12:08,riskafridap,yah kelurahanku ga ada min:crying_face: padahal udah lebih dari 5 tahun dan kaca berembun burem,0
DGPt1Dkvz64,2025-02-19 07:12:08,sunardi_sonata_tanjung,Caranya gmn min untk mendapatkan penembakan meter air,0
DGPt1Dkvz64,2025-02-19 07:12:08,henry.dp08,Sudah laporan ke kantor sampai skrg 2 minggu blom ditanggapin min @pdamsuryasembada,0
DGPt1Dkvz64,2025-02-19 07:12:08,haniii.___,pk minto tolong akor km PDAM GK keluar  4 hari pk kami ingin mengganti air menyalurkan air dr sumur kami aja pk GK usah pake PDAM pk kalua kami di sini GK bisa mandi gimana pk tolong banyu kami pk :folded_hands_light_skin_tone::folded_hands_light_skin_tone::folded_hands_light_skin_tone::folded_hands_light_skin_tone::folded_hands_light_skin_tone::folded_hands_light_skin_tone::pleading_face::pleading_face::pleading_face::pleading_face::pleading_face::pleading_face::pleading_face::pleading_face::pleading_face::pleading_face::pleading_face::folded_hands_light_skin_tone::folded_hands_light_skin_tone::folded_hands_light_skin_tone::folded_hands_light_skin_tone::folded_hands_light_skin_tone::folded_hands_light_skin_tone::folded_hands_light_skin_tone::folded_hands_light_skin_tone::folded_hands_light_skin_tone::folded_hands_light_skin_tone::folded_hands_light_skin_tone::folded_hands_light_skin_tone::folded_hands_light_skin_tone::folded_hands_light_skin_tone::folded_hands_light_skin_tone::folded_hands_light_skin_tone::folded_hands_light_skin_tone::folded_hands_light_skin_tone::loudly_crying_face::loudly_crying_face::loudly_crying_face::loudly_crying_face::loudly_crying_face::loudly_crying_face::loudly_crying_face::loudly_crying_face::loudly_crying_face::loudly_crying_face::loudly_crying_face::loudly_crying_face:,1
DGPt1Dkvz64,2025-02-19 07:12:08,nugroh_99,Info lowongan nyaa dong minnn,0
DGPt1Dkvz64,2025-02-19 07:12:08,haristiaristi,Kalau untuk menaikkan meter air yg posisinya lebih rendah dari jalan apakah bisa min?,0
DGPt1Dkvz64,2025-02-19 07:12:08,umimulia_s,Daerah setro baru gang 3 pak meter airnya 60 cm di bawah permukaan tanah setelah adanya pavingisasi jadi gelap dan susah saat pengecekan tiap bulan,0
DGPt1Dkvz64,2025-02-19 07:12:08,bayuhadileksana,:fire:,0
DGPt1Dkvz64,2025-02-19 07:12:08,bayuhadileksana,:fire:,0
DGPt1Dkvz64,2025-02-19 07:12:08,bayuhadileksana,:fire:,0
DGPt1Dkvz64,2025-02-19 07:12:08,aini_al_aydrus,Kel simolawang  air PDAM mati hidup malam ajja sudah pengaduan tapi tetep ajja gk berubah bayarnya naik 100%,0
DGPt1Dkvz64,2025-02-19 07:12:08,sunny.santoso,Kelurahan  Sukomanunggal kapan ya ?,0
DGPt1Dkvz64,2025-02-19 07:12:08,dinolandri,Pdam daerah kutorejo kok berbusa ya min,0
DGPt1Dkvz64,2025-02-19 07:12:08,triambar_26,Air disidosermo apa ada perbaikan ya? Koo ditempat saya mengalir nya kecil ya . Dlu siang aja bisa deras ini kok pelan sekali muter meteran airnya. Ngisi tandon jadi lambat.,0
DGPt1Dkvz64,2025-02-19 07:12:08,niarizkyy,@hafidalfath_,0
DGPt1Dkvz64,2025-02-19 07:12:08,mc_rinov,"gmn pemberitahuan resminya kalo memang peraturan kost 6 kamar dikenakan tarif 3.2A ? 
apa akal²an petugas aja, dikira kalo punya kost penghasilan banyak gitu?trs diganti dari 2.1 ke 3.2A ?ini cuma 6 kamar, bukan 10 atau 20 kamar,",0
DGPt1Dkvz64,2025-02-19 07:12:08,witahanafy,"@pdamsuryasembada kenapa tidak sekalian seluruh wilayah surabaya? rumah saya sudah berkali2 complain volume kubik yang tidak wajar dan solusinya sudah 3x disuruh ganti kran / valve dan berbayar pula. meteran air bermasalah itu tanggung jawab pdam atau pelanggan? mohon konfirmasi, trimakasih.",0
DGPt1Dkvz64,2025-02-19 07:12:08,endahhtopa,Dulu tarif saya ini golongan 1.3 pas ada perubahan tarif kenapa tiba-tiba di ubah menjadi 2.1 padahal rumah saya juga ada tulisan KELUARGA MISKIN yang dari pemerintah lantai juga dari tanah dan juga rumah saya tidak tingkat atau berlantai 2 juga tidak dibuat kos atau kontrakan padahal tetangga saya semuanya tarif golongannya 1.3 emang ada yg 2.1 itupun dibuat kos atau kontrak sedangkan saya kan tidak kalau lapor ke PDAM ujung-ujungnya nanti petugas kemari di cek disuruh ganti meteran yang bayarnya juga gak murah tolong dong di cek petugas keliling meteran itu kenapa sih harus di ubah kan saya bayar nya juga jadi mahal paling sedikit saya kena itu 100 RB yang tetangga saya kena padahal rata2 cuma 20 ribu atau 25 ribu apalagi ini untuk daerah tambak asri yang notaben kebanyakan tarifnya golongan 1.3,0
DGPt1Dkvz64,2025-02-19 07:12:08,dapoermamipapi_aku,BAYAR HUTANG @glen_probity,0
DFxD1EJP3Fi,2025-02-07 09:27:55,aidaayu91,Min kalau untuk wilayah sidoarjo apa promo jg kah?,0
DFxD1EJP3Fi,2025-02-07 09:27:55,liayuliana258,"setelah daftar, harus nunggu berapa lama ya kak untuk pemasangannya dan siap di gunakan?",1
DFxD1EJP3Fi,2025-02-07 09:27:55,wahyu_wiant,Kalo di depan rumah Masi belum ada pipa gmn min,0
DFxD1EJP3Fi,2025-02-07 09:27:55,nazua_99,"Kenapa laporan by WhatsApp PDAM  GK ada jawaban ya kak, padahal saya sudah daftar mau tanya soal kekurangan persyaratan pasang baru",0
DFxD1EJP3Fi,2025-02-07 09:27:55,megrmdhn_,Min daftar langsung di kantor bisa ya min?,0
DFxD1EJP3Fi,2025-02-07 09:27:55,fatma_fr0112,Min...klo persyaratan tdk lengkap gmn min,0
DFxD1EJP3Fi,2025-02-07 09:27:55,parista.adelina,"Min kalau listrik 5000 watt biayanya yh 1,7 jt ya?",0
DFxD1EJP3Fi,2025-02-07 09:27:55,dheny_yudha,Brpa lama pemasangan jika sdah melakukan pembayaran,0
DFxD1EJP3Fi,2025-02-07 09:27:55,yp_ariezta,Maaf min untuk PSB 900watt ini biayanya 600rb ?? Bukan 300rb ya??,0
DFxD1EJP3Fi,2025-02-07 09:27:55,afi.ummunufail08,Min kalau ngontrak rumah belum dipasang pdam caranya gimana?karena rumah yang dikontrak warisan,0
DFxD1EJP3Fi,2025-02-07 09:27:55,ahkaromi,Diskon itu apakah include dengan pipa dan meterannya?,0
DFxD1EJP3Fi,2025-02-07 09:27:55,lalalalaa_31_,minnn air dirumah saya kenapa kok gk nyalah ya takut ada kebocoran min,0
DFxD1EJP3Fi,2025-02-07 09:27:55,erwinsyafrianto,"Min klo uda daftar dan data2 udah lengkap, proses selanjutnya gmn? Msh nunggu konfirmasi lagi kah dari wa call center?",0
DFxD1EJP3Fi,2025-02-07 09:27:55,leonidas_alexander_the_strong,Daerah mojo ditindaklanjuti gak ada air mengalir daripada saya datangi kantornya,0
DFxD1EJP3Fi,2025-02-07 09:27:55,maidi.kembo,Min kalau jumlah rumah ada 2 tapi sertifikasi jadi satu bisa gak min,0
DFxD1EJP3Fi,2025-02-07 09:27:55,ynn_joyo,Saya dari agustus 2024 sampai sekarang blm ada tanggapan pasang baru padahal :loudly_crying_face: wes ganti tahun min :loudly_crying_face:,0
DFxD1EJP3Fi,2025-02-07 09:27:55,_rimafeb,"Untuk daya listrik 900watt, itu harganya jadi 300rb atau diskonnya yang 300rb ? Mohon penjelasannya",0
DFxD1EJP3Fi,2025-02-07 09:27:55,pradipta_sang_,Saya kan mau bangun rumah dan blm ada listrik nya..apa bs,0
DFxD1EJP3Fi,2025-02-07 09:27:55,banjoz_aris,"Saya belum di survey"" Minn sdh pengajuan lama",0
DFxD1EJP3Fi,2025-02-07 09:27:55,arliksarinda,Berlaku area surabaya saja apa semua daerah ya min?,0
DFxD1EJP3Fi,2025-02-07 09:27:55,putrithugue,Maaf min klw pindah meteran kena biaya brpa ea soalnya meteran airku ada didepan rumahnya orang.. Klw dipindah kerumah ku jaraknya 10 meter,0
DFxD1EJP3Fi,2025-02-07 09:27:55,aryondoc,Maaf min mau tanya apa benar PSB untuk daya listrik 1300 watt biayanya 600 ribu,0
DFxD1EJP3Fi,2025-02-07 09:27:55,sityyuliani_ijah,Untuk area bekasi juga diskon min??,0
DFxD1EJP3Fi,2025-02-07 09:27:55,diana_an_najwa,Kalau nama pemilik tanah dan pemasang PDAM beda nama apakah bisa,0
DFxD1EJP3Fi,2025-02-07 09:27:55,sullistyorinii,Knp pembayaran pdam melalui gojek dan grab kok gak bisa terus,0
DFxD1EJP3Fi,2025-02-07 09:27:55,wildaniyah,"Min dari daftar sampai proses pemasangan,nunggu nya berapa lama?",0
DJoUCilzmRD,2025-05-14 10:01:58,gunawan_xfr,Tambakwedi Baru gak keluar air sama sekali dari tadi pagi,0
DJoUCilzmRD,2025-05-14 10:01:58,ikayuniasih,Daerah simo gunung kok dari kemaren air mengecil sampai tidak keluar ada apaa yaaa,0
DJoUCilzmRD,2025-05-14 10:01:58,khan_milabajuindia,Simolangit gak ada air nya piye PDAM iki,0
DJk7cyfvtmd,2025-05-13 02:29:23,rizqiamrii,:clapping_hands: Keren,1
DJk7cyfvtmd,2025-05-13 02:29:23,damaxrif,Duta lingkungan:clapping_hands: @arrovaicals :person_with_crown::raising_hands:,2
DJk7cyfvtmd,2025-05-13 02:29:23,ardhanaa.aar,"Halo selamat siang kak admin pdam, mengenai pengaduan yg saya sampaikan 25 april 2025 melalui DM. Sampai hari ini belum diberikan tindak lanjut nihh. Tolong dong diberikan tindak lanjutnya. Dari 25 april 2025 sampai komen ini ditulis 13 mei 2025. Belum ada tindak lanjut lho. Mohon dong.",0
DJk7cyfvtmd,2025-05-13 02:29:23,gunawan_subiantoro_rahardjo,Halo min pdam saya warga babatan pratama sudah bayar pergantian keran air yang bocor tapi petugasnya sampai sekarang belum datang tolong dibantu ditindaklanjuti,0
DJk7cyfvtmd,2025-05-13 02:29:23,dilla_iyyakamu,Air PDAM SBY pusat punyakku keruh  kyk air sumur.. Bayarnya larang tp airnya keruh bauk,0
DJk7cyfvtmd,2025-05-13 02:29:23,celiasiura,"Maaf itu 1,5 juta popok per hari bukan pertahun :raising_hands:",0
DJk7cyfvtmd,2025-05-13 02:29:23,nickname_bayu,Min ini kenapa di kalijudan 9 air nya nyala kecil sekali?:folded_hands_medium-light_skin_tone:,0
DJk7cyfvtmd,2025-05-13 02:29:23,rizqyafwanhasibuan,Air pdam kebonsari jambangan keruh,0
DJk7cyfvtmd,2025-05-13 02:29:23,celiasiura,"Yuk berganti ke popok pakai ulang dan pembalut ramah lingkungan, bersama @bumbi_id",1
DJghFuvvdvl,2025-05-11 09:22:05,54111_uge7,Kok kosong.....,0
DJgJ2sBPAq6,2025-05-11 05:59:03,m.fajarhidayatulloh,Info loker pdam min,0
DJfuXOGvhrE,2025-05-11 01:58:49,mhmd_nafiss,kok infonya kembali buka tanggal 2 mei min?,0
DJfuXOGvhrE,2025-05-11 01:58:49,zahriyas.sos,maaf kok buka Lg tgl 2 mei.  kak:folded_hands:,0
DJdbiYpvPUE,2025-05-10 04:35:50,krisnaputra9323,Air PDAM di Perumahan Gunungsari Indah bisa mengalir nirmal jam berapa. Mohon segera direspon. Terima kasih,0
DJdbiYpvPUE,2025-05-10 04:35:50,aandi105_,Srby utara udah 2hari gak nyala:crying_face: airnya,0
DJdbiYpvPUE,2025-05-10 04:35:50,devi.iriyanti,Surabaya utara,0
DJb9f1uTyr7,2025-05-09 14:56:12,pradipta_sang_,Lokasi e dmn min,0
DJb9f1uTyr7,2025-05-09 14:56:12,khan_milabajuindia,Lah komen saya kok di hapus... Tolong di cek PDAM di daerah simolangit gak ada air ada 2 hari. Malah di hapus komentar saya. Laporan wa gak dihiraukan,0
DJb9f1uTyr7,2025-05-09 14:56:12,54111_uge7,"Kualitas airnya perlu dicek dan dikontrol...jangan cuman datang cek meteran saja....dan jangan cari untung saja gede perhatikan kemampuan konsumennya,....",0
DJbPX8JTxnj,2025-05-09 08:11:05,dhitya_bimantara,:clapping_hands:,0
DJbPX8JTxnj,2025-05-09 08:11:05,octaviasilahooy,:fire::fire:,0
DJbPX8JTxnj,2025-05-09 08:11:05,denfadh,:raising_hands::cherry_blossom:,0
DJbPX8JTxnj,2025-05-09 08:11:05,sartono.paulus,:red_heart:,0
DJbPX8JTxnj,2025-05-09 08:11:05,widyarigga,Sua Sanctitas,1
DJY9xS-vXAi,2025-05-08 10:59:51,salimachmadagus,Alhamdulillah semoga menang kotaku tercinta @Surockboyo menang … aamiin :palms_up_together:,0
DJY9xS-vXAi,2025-05-08 10:59:51,veluveaxias,:face_with_rolling_eyes:,0
DJY9xS-vXAi,2025-05-08 10:59:51,dapoermamipapi_aku,TOLONG BU @y4n_tweet si @glen_probity SURUH BAYAR HUTANG PINJOLNYA,0
DJVj-OHvVeW,2025-05-07 03:15:37,pradipta_sang_,Kenapa tlpn bebas pulsa suara kita tdk bs terdengar operator pdam..hola halo hola halo aja,1
DJTHmG9vK0l,2025-05-06 04:29:11,scoliosis_surabaya,:clapping_hands:,0
DJTHmG9vK0l,2025-05-06 04:29:11,fisioterapisurabaya,Nice info,0
DJRSsnqSSrg,2025-05-05 11:27:43,ceritafarida,lewat aplikasi CIS ngga ada promo?,0
DJRSsnqSSrg,2025-05-05 11:27:43,arif_rama2,aku yang udah bayar duluan tgl 1 kemarin hanya bisa bersabarrrrr :slightly_smiling_face::slightly_smiling_face::slightly_smiling_face::slightly_smiling_face::slightly_smiling_face::slightly_smiling_face::slightly_smiling_face:,0
DJRSsnqSSrg,2025-05-05 11:27:43,paapoocello,"𝗠𝗮𝘀𝗮𝗻𝗴 𝗣𝗗𝗔𝗠 𝗶𝘁𝘂 𝗮𝗽𝗮𝗸𝗮𝗵 𝘀𝗶𝗳𝗮𝘁𝗻𝘆𝗮 𝗪𝗔𝗝𝗜𝗕 𝗺𝗶𝗻,.,..",0
DJRSsnqSSrg,2025-05-05 11:27:43,hendr_a8591,Apanya yg ada promo kak,0
DJRSsnqSSrg,2025-05-05 11:27:43,ayyssysy,Alfamart apakah gaada diskon ka? Jarang ad indomaret d sini,0
DJRSsnqSSrg,2025-05-05 11:27:43,musrifah_apridjaya,Tokopedia tdk ada promo,0
DJRSsnqSSrg,2025-05-05 11:27:43,nurulsatibi,"Kalau airnya gak nyala sama sekali apa harus mbayar, krna pelaporan berkali2 tidak ada teknisi yg datang kerumah bagimana ini @pdamsuryasembada_",0
DJQZhqjyen_,2025-05-05 03:13:33,alekrahmatullah,:red_heart::red_heart::red_heart:,0
DJQZhqjyen_,2025-05-05 03:13:33,ecoton.id,Mati urip ngramut kali suroboyo:fire:,0
DJQZhqjyen_,2025-05-05 03:13:33,ardhanaa.aar,"Halo admin pdam Surabaya, saya kirim keluhan di 25 april 2025. Sampai hari ini belum ada tindak lanjutnya. Mohon di cek DM nya dong kak min.",0
DJLw67TTb4r,2025-05-03 07:57:34,sukowidodoo,Makin berkelas,0
DJLkU5rPlnq,2025-05-03 06:06:19,ali_murtadlo78,"Min, sy pengaduan ganti meteran hingga 14 hari kerja kok blm ada tanggapan",0
DJJFAbBv-Bi,2025-05-02 06:54:09,asmiati255,Siwalankerto kok mati ya airnya?,0
DJJFAbBv-Bi,2025-05-02 06:54:09,rindu_dulu18,Daerah panjangjiwo kok mati ya kak?,0
DJFCPdOzNoA,2025-04-30 17:13:14,umair.umairah,:red_heart:,0
DJFCPdOzNoA,2025-04-30 17:13:14,herupratikto62,Semangat......,0
DJFCPdOzNoA,2025-04-30 17:13:14,eko_margen,Semangat Rekan2..Semoga Sukses selalu ..,0
DJFCPdOzNoA,2025-04-30 17:13:14,ichsanguntur,Pak sun:raising_hands:,0
DJFCPdOzNoA,2025-04-30 17:13:14,aliviyaptrd,"Ini daerah kenjeran juga siang gak keluar min , malem baru keluar udah hampir seminggu",0
DJEE_FMzMr9,2025-04-30 08:17:46,mc_rinov,"pak mau tanya
no pelanggan 1032499
an Ny. Mustiani Wikanti 
Pulo Wonokromo Wetan 4
knp gol. tarifny berubah yg awalnya 2.1 skrg berubah jadi 3.2A
ini sebenarnya udah lama berubah, tapi saya baru diberitahu orang tua saya,. 
knp seenaknya merubah, ini memberatkan loh, 
alasan dirubah dulu krn petugas keliling meteran bilang krn rumah dibuat kost, 
alasan apa itu, 
saya harap kembalikan ke gol tarif 2.1
terima kasih",0
DJEE_FMzMr9,2025-04-30 08:17:46,nana5607nana,"Pak maaf mau tanya,,",0
DJEE_FMzMr9,2025-04-30 08:17:46,nana5607nana,Meteran air di rumah sya kol g ada ya yg buat liat hbs brp meternya itu,0
DJDp0SqvUcy,2025-04-30 04:20:22,scoliosis_surabaya,:clapping_hands::clapping_hands::clapping_hands:,0
DJDp0SqvUcy,2025-04-30 04:20:22,sindyrsk,mantap:clapping_hands_light_skin_tone:,0
DJBpf9ATgbC,2025-04-29 09:39:48,waterpedia.co.id,:clapping_hands:,0
DJBpf9ATgbC,2025-04-29 09:39:48,gigihmulyo,"Halo min dm saya sudah ditanggapi tapi ga ada action sama sekali dari pihak pdam , udah dr hari sabtu smpe skrng...",0
DJBpf9ATgbC,2025-04-29 09:39:48,solihinsoul1,Min tolong dikurangi dong kapuritnya di daerah Rungkut tengah airnya bau kaporit mau buat masak malah harus beli isi ulang tolong ya min untuk ditindak lanjuti :folded_hands:,0
DJBfhNGvM8d,2025-04-29 08:11:54,rizqiamrii,Alhmdulillah selamat :clapping_hands:,0
DJBfhNGvM8d,2025-04-29 08:11:54,sofiyullahhamzah,Alhamdulillah :red_heart::red_heart::red_heart:,0
DJBfhNGvM8d,2025-04-29 08:11:54,fisioterapisurabaya,:clapping_hands:,0
DJBfhNGvM8d,2025-04-29 08:11:54,wahyusobri,Sukses terus Surya Sembada,0
DJBfhNGvM8d,2025-04-29 08:11:54,irzayoga,Selamat PDAM Surya Sembada Kota Surabaya :fire:,0
DJBfhNGvM8d,2025-04-29 08:11:54,esuhar1,Tolong d cek area Jemurwonosari pak air kotor .pagi siang malam mati .jam 5 pagi sudah tidak keluar .siang juga kelaur dikit itupun jam10 an .malam jam7 baru keluar itu juga dikit,0
DJBfhNGvM8d,2025-04-29 08:11:54,ratihtita_,Whattt???,0
DJBfhNGvM8d,2025-04-29 08:11:54,dapoermamipapi_aku,TOLONG BU @y4n_tweet SURUH @glen_probity SURUH BAYAR HUTANGNYA… BURONAN PINJOL TU DIA,0
DJBAw3TT2Tx,2025-04-29 03:43:09,jefri_n07,Tekanan air di daerah dukuh pakis masih kecil min,0
DJBAw3TT2Tx,2025-04-29 03:43:09,ardhanaa.aar,"Halo kak min, dm saya belum ditanggapi nih. Mohon ditanggapi",0
DI6pjZqTEGs,2025-04-26 16:25:07,rizqiamrii,Semangat tukang ledeng :clapping_hands:,0
DI6pjZqTEGs,2025-04-26 16:25:07,sofiyullahhamzah,"Alhamdulillah... mantab... Di pengumuman estimasi pekerjaan 6 jam, dapat selesai dalam waktu 2 jam... Mantap semangat all team tukang ledeng Suroboyo Perumda Air Minum Surya Sembada Surabaya :red_heart: :fire::fire:",0
DI6pjZqTEGs,2025-04-26 16:25:07,suryamin2301,:hundred_points::hand_with_index_finger_and_thumb_crossed::thumbs_up:,0
DI6pjZqTEGs,2025-04-26 16:25:07,gunawanarifsetiawan,Mantap :thumbs_up: :thumbs_up::thumbs_up:,0
DI6pjZqTEGs,2025-04-26 16:25:07,ichsanguntur,Mulyo indah grup :raising_hands:,0
DI6pjZqTEGs,2025-04-26 16:25:07,salimachmadagus,Perencanaan yg efektif dan kolaboratif adalah kunci sukses. Good Job Gaess! Semoga dapat memberikan pelayanan yang terbaik unt pelanggan kita yg tercinta :red_heart::red_heart::red_heart:,0
DI6pjZqTEGs,2025-04-26 16:25:07,herupratikto62,Semangat pulll.. PDAM,0
DI6pjZqTEGs,2025-04-26 16:25:07,renny.mgd,Selamat dan tetap semangat mbak cantik dan mas ² nya sehat sehat selalu,0
DI6pjZqTEGs,2025-04-26 16:25:07,sylvianjoto,Harusnya daerah Kenjeran Babatan Pantai jgn ikutan kena dampaknya dong sampai dimatikan seharian airnya,2
DI6pjZqTEGs,2025-04-26 16:25:07,ardhanaa.aar,"Halo kak admin, dm saya mohon diberikan tanggapan. Terimakasih",0
DI6pjZqTEGs,2025-04-26 16:25:07,_dialde16,Kok di gubeng masih ngga nyala ya dri tadi malam,0
DI6pjZqTEGs,2025-04-26 16:25:07,kikyzhoe,PDAM tolong baca DM saya,0
DI6pjZqTEGs,2025-04-26 16:25:07,ainiyyahizz,Halo kak adminnn. Dm saya tolong di berikan tanggapan ya:folded_hands_light_skin_tone:,0
DI6pjZqTEGs,2025-04-26 16:25:07,nikengyna_,"Astaga beberapa hari ini saya mengangsu air lho gara2 air ngga bisa naik,sementara air di luar keluar. SAMPAI KAPAN?!. Apa daerah Residen sudirman ikut ngagel y? :face_with_raised_eyebrow::hot_face::face_with_steam_from_nose::crying_face:",0
DI6pjZqTEGs,2025-04-26 16:25:07,gigihmulyo,"Min @pdamsuryasembada babatan labansari mulyorejo air ga mengalir min, gimana ini ?",1
DI6pjZqTEGs,2025-04-26 16:25:07,kotakkayu_project.sub,@dul.jalil  acara opo iki,0
DI6pjZqTEGs,2025-04-26 16:25:07,kimpc1000,Terimakasih atas informasinya Salam kompak dari Komunitas Informasi Masyarakat kelurahan Pucang Sewu mitra kerja Dinas informasi dan komunikasi Kota Surabaya.,0
DI6pjZqTEGs,2025-04-26 16:25:07,edysatrio27,Kog ayuuuu pean mbaak .... Pean dadi opo nuk PDAM....,0
DI6pjZqTEGs,2025-04-26 16:25:07,thurturuu,untuk area sidotopo apakah ada gangguan kok hampir tiap hari air tidak lancar kadang ngalir kadang mati seharian?,0
DI6pjZqTEGs,2025-04-26 16:25:07,subahan_hadi,:red_heart:,0
DI32szRzFmV,2025-04-25 14:22:50,sullistyorinii,Min knp sekarang bayar pdam di gojek dan grab kok gak bisa,0
DI32szRzFmV,2025-04-25 14:22:50,yoskustiyono92,Ttp semangat PDAM kota Surabaya :fire:,0
DI32szRzFmV,2025-04-25 14:22:50,sellvw_,udah di dm slow respon di telfon malah di alihkan,0
DI32szRzFmV,2025-04-25 14:22:50,sellvw_,"kenapa sulit di hubungin ya pdam ini, padahal air dirumah lagi mati dari sore wk",0
DI32szRzFmV,2025-04-25 14:22:50,kikyzhoe,"Tolong PDAM baca DM saya, sudah berhari2 sulit di hubungi call center nya sibuk trs",0
DI32szRzFmV,2025-04-25 14:22:50,annisarizk02,"Min, WAnya slow respon banget ya @pdamsuryasembada",0
DI2xdiPzKLQ,2025-04-25 04:17:57,widyarigga,Cool!! :cold_face::sweat_droplets:,0
DI2xdiPzKLQ,2025-04-25 04:17:57,salimachmadagus,:fire::fire::fire:Alhamdulillah semoga dapat memberikan pelayanan yang terbaik unt masyarakat pengguna air,0
DI2xdiPzKLQ,2025-04-25 04:17:57,sekian_stoore,Kak mohon banget punya saya segera di pasang soalnya buat usaha kak saya sudah melakukan pembayaran di indomaret kak bingung mau nanyak ke siapa kalo mau liat progres pemasangannya,0
DI2gCFezGUI,2025-04-25 01:44:44,yudahrdnt_,bulak rukem timur yaopo iki min seminggu banyu e angell,0
DI2gCFezGUI,2025-04-25 01:44:44,ardhanaa.aar,"Halo selamat pagi, mohon bantuannya. Keluhan sudah saya sampaikan melalui DM. Mohon diberikan tindak lanjut. Terimakasih",0
DI2gCFezGUI,2025-04-25 01:44:44,cahyani_irawan,"Min tadi pagi alias waktu subuh hingga jam 7 kok air di rumah ku jalan zamhuri rungkut tengah air yang keluar debit nya kok dikit amat ya, apakah lagi ada gangguan ya, saya sampek bosen tiap hari tlp pihak Cs terus, mau mandi aja harus ke kantor, ya kali kantor saya dekat. Kantor saya di gresik, rumah saya di rungkut tengah :crying_face::crying_face::crying_face:",0
DI2gCFezGUI,2025-04-25 01:44:44,acejeans09,Ya Gitu Min.. Info H-1 Sblm Air Mati :clapping_hands:,0
DI2gCFezGUI,2025-04-25 01:44:44,nau.ra1388,min tempatku daerah kedung cowek air mati sejak tadi malam,0
DI2gCFezGUI,2025-04-25 01:44:44,m4rv1n_tsai,"Mohon infonya didaerahku simo Sidomulyo  dari hari kamis pagi dan Jumat pagi ini,  air tidak keluar.",0
DI2gCFezGUI,2025-04-25 01:44:44,tukangmaiido,Kalijudan GG 12 dari subuh sampai malam tidak keluar aire sama sekali bosskuhh,0
DI2gCFezGUI,2025-04-25 01:44:44,nikengyna_,Ini aja daerah Tapak Siring airnya masih kecil dn debitnya belum bisa naik. Duuuhhh,1
DI2gCFezGUI,2025-04-25 01:44:44,mulyace2,"Kalijudan min air macet wes 5 hari :woozy_face: bayar'e mundak banyu metu'e jam 12 bengi. isuk, awan sore MAMPET Kabeh.",0
DI2gCFezGUI,2025-04-25 01:44:44,suryamin2301,"Sipp min, USAHAKAN  MATI. AIRNYA  NGGAK LAMA :hand_with_index_finger_and_thumb_crossed:",0
DI2gCFezGUI,2025-04-25 01:44:44,nicclaudyaa,":face_with_tears_of_joy::face_with_tears_of_joy:lucu nih , saya tinggal di perum manyar jaya , dari tahun lalu semenjak pengerjaan gorong"" manyar indah manyar jaya manyar rejo ... Air saya sampai sekarang dari pagi pukul 6 pagi sampai pukul 9 MALAM air mati , baru nyala pukul 21.30 malam bayangkan BERAPA BULAN SAYA MENAMPUNG AIR???? Mau protes telfon saya sdh capek :rolling_on_the_floor_laughing:. Tapi herannya kalau libur NASIONAL Air saya kok nyala lancar kayak saya dlu tinggal d sini , tetangga saya 30 tahun tinggal disini tidak menggunakan tandon tidak ada maslah!! Semenjak skg kok air jadi buruk jelek sekali tolong diperbaiki ya pdam :smiling_face_with_hearts::smiling_face_with_hearts::smiling_face_with_hearts: @pdamsuryasembada @pdamsuryasembada",0
DI2gCFezGUI,2025-04-25 01:44:44,thurturuu,@pdamsuryasembada daerah sidotopo apakah memang tidak mengalir air? sudah 3 hari hidup tanpa air soalnya!,0
DI2gCFezGUI,2025-04-25 01:44:44,ddita6447,@pdamsuryasembada d daera mulyorejoo dri jaman ada galian sampai galian selesaaiii tetap aja airr sulitt....tpi pas hari raya air nya kok lancar jayaaa:fire:,0
DI2gCFezGUI,2025-04-25 01:44:44,edwynpras97,"Saya minta kepada pihak @pdamsuryasembada untuk melakukan rencana pemikiran yang matang agar aliran air di wilayah Kelurahan Airlangga teraliri dengan lancar semua dan tanpa diskriminasi karena dampak kost""an di wilayah tersebut @pdamsuryasembada",0
DI2gCFezGUI,2025-04-25 01:44:44,sylvianjoto,@pdamsuryasembada ini daerah Kenjeran kenapa air ga keluar seharian?,0
DI2gCFezGUI,2025-04-25 01:44:44,kiemfon,"Siang @pdamsuryasembada sy tinggal di bulak rukem timur, air di daerah sy debitnya kecil cenderung tdk keluar, sy sdh pernah lapor bebetapa kali & sdh di datangi, tp tetap saja tdk lancar, pernah sy tny kenapa, ktnya ada galian, minggu yg lalu memang ada keluar 1 hr saja selanjunya mengecil lagi & airnya sangat keruh",0
DI0mYNWT7jJ,2025-04-24 08:01:43,bakoelkopi_sby,"Pertanyaan buat PDAM, saya mau tanyak setiap pembayaran bulanan kenapa kok ada retribusi. Padahal di kampung pakek retribusi dan saya pernah pengaduan online kalau retribusi udh ketentuan DLH. Emang harus Retribusi di kampung kenak 11rb, ini bukan masalah angka kecil tapi bayangin satu rumah kenak 11rb per kampung ad brp rumah udh dpt brp sebanyak gitu :face_with_tears_of_joy:",0
DI0mYNWT7jJ,2025-04-24 08:01:43,e_vitri3,Berapa hari perubahannya?,0
DI0mYNWT7jJ,2025-04-24 08:01:43,fahriel2028,Kalau surat tanah nya masih jadi 1 atas nama orang tua bagaimana,0
DI0mYNWT7jJ,2025-04-24 08:01:43,bakoelkopi_sby,@pdamsuryasembada mntk tolong penjelasan nya ya pak :face_with_tears_of_joy:,0
DIx63uITVjW,2025-04-23 07:05:43,atik.2906,Kenapa wilayah Dukuh Kupang air nya mengalir terlalu kecil ...bahkan ada yg tdk kluar pak,0
DIx63uITVjW,2025-04-23 07:05:43,khan_milabajuindia,"Kenapaa daerah simolangit  air nya mengalir terlalu kecil,bahkan G keluar.. Sia2 dong bayar PDAM",0
DIx63uITVjW,2025-04-23 07:05:43,nikengyna_,"Pipa bocor dimana,dampaknya semua. Daerah Tapak Siring sejak kemarin debit kecil. Saya harus mengangsu dari luar. Sukanya kasi kerjaan orang saja !!!",0
DIx63uITVjW,2025-04-23 07:05:43,novishinta_s,Tolong @pdamsuryasembada rumah saya sudah 4hari ini tiap pagi mati airnya. Nyala cmn malam aja jam. Biasanya gapernah gini. Dan di daerah rumah saga cmn rumah saya aja yg begitu. Gangguan airnya. Tolong info penjelasannya dan solusinya.,0
DIxj3rwTf1o,2025-04-23 03:42:04,scoliosis_surabaya,:clapping_hands:,0
DIxj3rwTf1o,2025-04-23 03:42:04,fisioterapisurabaya,:clapping_hands:,0
DIxj3rwTf1o,2025-04-23 03:42:04,rizkimaulana2338,Kak pam nya udah ada sistem prabayar kak?,0
DIxj3rwTf1o,2025-04-23 03:42:04,faizalbaskoro,"Harus nya di tambah aplikasi info gangguan dari pdam sendiri seperti ada galian dsbynya jdi aplikasi nya kurang, aplikasi info gangguan penting bagi pelanggan, bukan begitu cak :face_with_tears_of_joy:",0
DIxj3rwTf1o,2025-04-23 03:42:04,one_ariendra,"Di aplikasi terlalu ribet untuk menyampaikan keluhan,napa harus upload lg ktp,dena rmh,& bla...bla..bla...,bukannya kita memasukkan nopel aja data kt sudah terbaca,lagian keluhan kok dibatasi ... Aneh,dan 1 lagi saya keberatan dgn adanya admint tt yg gak masuk akal mengalahkan tunggakan saya 3 bulan blm bayar,dan tentang admin tt kok gak ada ya di google,webnya pdam dan lainnya,lalu angka admint tt di dapat darimana sehinggal muncul nominal segitu ????",0
DIxj3rwTf1o,2025-04-23 03:42:04,trinity.collect,Mohon info kalau pengaduan karena kena pinalty kemana,0
DIvykK1T0z7,2025-04-22 11:14:33,widyarigga,Keren bgt :clapping_hands::clapping_hands::fire::fire:,0
DIvykK1T0z7,2025-04-22 11:14:33,kharistiano28,:clapping_hands::clapping_hands::clapping_hands:,0
DIvykK1T0z7,2025-04-22 11:14:33,rafiiisaputraa,Kerennn,0
DIvWUI0TYM0,2025-04-22 07:05:08,indrawatisusana,Air didaerah saya khususnya dukuh pakis kecil sekali bahkan sering tidak mengalir tlng ditinjau,0
DIvWUI0TYM0,2025-04-22 07:05:08,nikengyna_,Halo daerah jl Tapak Siring debit airnya mengecil . Shg tidak bisa naik.,0
DIvWUI0TYM0,2025-04-22 07:05:08,silvy_oktaviyani,"Pak tolong disosialisasikan sebenarnya visi dan misi PDAM itu apa,coba cek target tahun 2025 apa, kalau saya sebagai warga Surabaya punya harapan, PDAM bisa menyala 24 jam tanpa pompa air dan sampai lantai 2 untuk seluruh warga Surabaya,jangan seperti skrng, perumahan digunung anyar bisa nyala 24 tanpa pompa air, sementara disetro baru Utara 1 tetap harus pake pompa air, padahal kita tahu dari dulu kecamatan Tambaksari adalah kawasan yang memiliki kemiskinan paling tinggi, kalau mau bantu ya dulukan jangan perumahan2 yg besar2 yg malah didahulukan...kapan PDAM bisa memenuhi target itu, saya siap membantu menganalisa tanpa dibayar,tolong hubungi saya di 085105106804,terima kasih",0
DIvB8m4TVRV,2025-04-22 04:07:10,lalayourbae_,Selamat hari bumi:globe_showing_Europe-Africa:,0
